customer_tweet_id,customer_text,intent
1774411,I️ don’t even have to type anything to get the #predictivetext #iosglitch @AppleSupport @34173 #apple @175600 https://t.co/p8IqzbDyD0,keyboard_autocorrect_bug
1420700,"So... @115858 still hasnt charged me for my phone, despite confirming my order by email and phone several days ago. What up with that?",battery_drain_power
1575014,@115858 Fix the i’s. This shit annoying.,keyboard_autocorrect_bug
2519347,@AppleSupport I can’t make calls. It just keeps ending the call before it’s even rung. WTF.,keyboard_autocorrect_bug
816430,@AppleSupport On 11.0.2. Planning to update tonight.,system_performance_freeze
1784621,@AppleSupport why does my phone keep getting set to the wrong Time Zone. It should Pacific Time https://t.co/aqkfbv3FNp,keyboard_autocorrect_bug
1745533,@AppleSupport I phone 7 with 11.0.3,system_performance_freeze
2360308,@AppleSupport Tried that. No different i’m afraid,system_performance_freeze
1588245,@AppleSupport My MacBook Pro just went blank and won’t turn on. It’s fully charged😫😫🙁,battery_drain_power
2906738,@AppleSupport hi Apple. I bought a new iPhone 7 yesterday! It already had iOS 11 on it. I do feel however like my battery is dropping quickly despite it being new! What do I do?,battery_drain_power
2278002,@115858 you better change this bullshit question mark mad annoying,battery_drain_power
1998284,Dear @AppleSupport: why is this happening when typing the letter eye “I️”????,keyboard_autocorrect_bug
1166207,@115858 ruined my phone with updates. @126972 is trying to ruin my channel. Are there any decent companies left???,system_performance_freeze
1271108,Şarj hemen bitiyor bu sorun çözülmez ise samsug almam gerekecek @AppleSupport,system_performance_freeze
2726006,@115858 It's saying it can't connect to the server.,other
446496,@AppleSupport hi there any idea how I can get a duplicate copy of my work request sheet for recent work carried out in my MacBook - lost original,keyboard_autocorrect_bug
388547,@AppleSupport why won’t my bandage app icons show how many notifications I’ve got ?,system_performance_freeze
2856754,"@AppleSupport Thanks, yes I did install the update last night. My texts are glitchy - won't open outside links, can't text photos without going into text message first, etc. Also, phone randomly shuts down around 45F or less.",system_performance_freeze
1752388,"When the heck is @115858 going to fix this glitch with the letter, “I” (I️) and the word, “it” (I️t)?!?!
I KNOW YOU’VE NOTICED! 🙄 #fb",keyboard_autocorrect_bug
2263467,"@AppleSupport Yes. I thought it was really weird because the first time I added it, it said I couldn’t play it. Then, I deleted it and re-installed it. Now, it works.",system_performance_freeze
2770827,@AppleSupport I see it happening after I’ve been using it. It happens usually with Twitter and Snapchat &amp; I am on iOS 11.2.,system_performance_freeze
2406608,@115858 how have a been awake for an hour and my phone is down 20% battery??? When will the new update stop killin me like this???????,battery_drain_power
1905441,My phone keeps freezing and dies at 4% like the iPhone 4 so wassup @AppleSupport,system_performance_freeze
2547236,@AppleSupport Any news about the solution of this #iPhoneX #bug ?? #appleitalia #AppleNews https://t.co/rF111i4Z2O,system_performance_freeze
1882367,@AppleSupport voiceover not reading sms properly on ios11.03 possibly needs a bug fix #accessibility,system_performance_freeze
1738779,Dear @115858 please fix this whole i thing. I’m over it. Sincerely a frustrated new iPhone 8 owner,battery_drain_power
1471809,"Hey, @115858, pretty sure I️ &amp; everyone else is sick of not being able to just type “I” without a weird ass autocorrect. @AppleSupport",keyboard_autocorrect_bug
107368,@AppleSupport my app suddenly is not working https://t.co/VkbBZsH8bW,other
1526940,@AppleSupport Where is “vazgeç” button on screen? İ can not touch it.,system_performance_freeze
2056932,@AppleSupport your iOS 11 update absolutely A1 trash. It’s drains my battery my 6s plus battery sucks now. How do I get back with ios10,battery_drain_power
101259,Only to break File Sharing! Sigh :-( /cc @115858 https://t.co/QGw2mX4igg,other
2020779,@115858 y’all update fucking up my phone,system_performance_freeze
1710738,@515161 @AppleSupport So lame😡 me too 😡,audio_music_playback
546534,@AppleSupport I got an error. It tell me i can’t download the app with my wife’s Apple-id again. It was bought by another user... Simething like that. Sorry i’m from germany.,system_performance_freeze
2949519,@AppleSupport I do,system_performance_freeze
2837150,@789657 @115858 @AppleSupport ¿Verdad? Es que para lo único que me sirve ahorita mi iPhone es para escribir lentamente. ¡Es terrible! 😐,system_performance_freeze
1702992,"@AppleSupport That is NOT a fix, it still happens depending on where the I️ is in my sentence",keyboard_autocorrect_bug
1886889,"@AppleSupport ever since I updated my #iphone6 to your shit new iOS 11 my phone keeps crashing, freezing &amp; loud speaker keeps turning off 😡",system_performance_freeze
1652040,@AppleSupport why are my apps not letting me on them,keyboard_autocorrect_bug
2422450,"@AppleSupport By doing this , will it completely wipe everything off my iphone?",system_performance_freeze
2128216,@AppleSupport I’m not publicly announcing what models/devices I️ have because I️ doesn’t want to get robbed at school for my precious devices.  But let’s just say I️ can’t type the letter “I️” without it showing up as some weird symbol on my computer and phone.  Fix this immediately.,keyboard_autocorrect_bug
2298306,Battery is Draining  🔋 Really Fast after upgrading to ios 11.1 please Fix ASAP ☹️ @115858 @AppleSupport,battery_drain_power
2106397,"Ok @115858 
Cut the 💩
Fix this foolishness with “I️”",keyboard_autocorrect_bug
1636604,"@AppleSupport Yeah, have done this THREE TIMES to no avail. Not a happy camper.",system_performance_freeze
2276944,"Whatever you do, don’t download the latest @115858 update for your iPhone... @AppleSupport I can only text using iMessage??",system_performance_freeze
2427265,hey @AppleSupport can u teach me how to fix my macbook pro fan? it keeps produce noise,keyboard_autocorrect_bug
717611,@AppleSupport I have seen that lots of other people having the same problems! Thanks in advance.,system_performance_freeze
2858355,Ahhh my IPhone has crashed again and won't 'activate'; this becoming very regular. @AppleSupport sort your shit products out,system_performance_freeze
2487196,@115858 i’m tired of this shit! what the hell is going on with my phone?!,system_performance_freeze
2564115,Hey @AppleSupport High Sierra took my 15s boot time and threw it in the trash… It's a several minute boot time now :(,system_performance_freeze
2953754,"@115858 just got new headphones with the iPhone 8 and they started making a weird noise but I kept them in anyway. They just POPPED in my ear and now my ear hurts, what are you going to do about this?",audio_music_playback
53003,I need @115858 to understand these boxes are messing up tweets and captions. Fix it!,keyboard_autocorrect_bug
155959,"@115858 Allez vous faire enculer avec vos mise à jours de merde la, plus y’a de maj plus le téléphone bug ptn",system_performance_freeze
631751,@115858 what’s with that grey bar at the bottom of my homescreen? Will this issue be fixed with the next update? https://t.co/yKFUydMIBR,system_performance_freeze
1295074,@AppleSupport I have updated my ipad and now I can't get back into it.  Requiring passcode that I never set. What should I do?,system_performance_freeze
1689333,@AppleSupport I️ did that a couple times but it keep going back to doing the same thing,keyboard_autocorrect_bug
1887339,@AppleSupport @116333 @115858 @11676 highly disappointed by services of Apple. They do not value their customers at all. https://t.co/h5p1qSiRnY,other
1746786,"Ok this update really pissing me off now, my letters AND my emojis actin up. Get right @115858",system_performance_freeze
2000343,"Dear @AppleSupport What in the FUCK is up with my 6plus freezing, shutting down, bat drain and lagging? You used to be such a great company.",battery_drain_power
1676228,@115858 need to fix this issue with us not being able to use I️,keyboard_autocorrect_bug
1474104,@AppleSupport iyi günler iphone 5s kullanıcısıyım ios11 e geçtiğimden beri hiç memnun değilim telefonumdan param olduğu vakit samsung alcam,system_performance_freeze
1691746,@115858 I changed the delivery address for my iPhone X and now the delivery has slipped from 11/17 to 11/20.  Your phone support is no help.,system_performance_freeze
2325622,@AppleSupport And I’m up to date with the latest iOS 11 installment,system_performance_freeze
1243840,@AppleSupport I have a problem with my battery on iOS 11. I know more people have the same problem. Will you repair in the next rework? When?,battery_drain_power
1541116,My keyboard is messing up. Why is this happening? I️ updated my phone and everything @AppleSupport,keyboard_autocorrect_bug
1459836,"Honestly, @115858, fix this shit cause it’s been about 18 hours and I’m annoyed with it. https://t.co/LQKnrdI3tU",battery_drain_power
367490,"oi @AppleSupport eu não ando com bolsa pra guardar meu iphone6, e no bolso ele entorta, eu tenho que enfiar ele no CU pra nao entortar?",system_performance_freeze
658716,"Dear @115858 
Since I downloaded the update ios 11 is giving my phone a half hour of battery life...wth?",battery_drain_power
2297025,@AppleSupport how can I remove a file I’ve downloaded within Files locally to my iPhone X and leave it in iCloud Drive without deleting the file entirely?,account_icloud_login
1781719,Yo @115858 I don’t know what intern you put in charge of this update but it fucked my phone.,battery_drain_power
1942966,@AppleSupport No. They’re on temporary,system_performance_freeze
905799,@115858 I need help with my Apple ID,account_icloud_login
2000160,@AppleSupport @591420 Yeah I️ need help to..... &lt;— clearly,keyboard_autocorrect_bug
2061377,These IOS updates are destroying my phone. @115858 fix your shit,system_performance_freeze
2151188,@AppleSupport This is a short term fixed. I did the text replacement and an hour later it is back to not working. This is ridiculous,system_performance_freeze
1744815,"@AppleSupport Hi, no. I opened a bug on bug radar.",system_performance_freeze
1714167,So who broke the i and the IT ???? @115858,system_performance_freeze
2033051,@AppleSupport I just got my iPhone 8+. I’m having problems with the volume on calls from the earpiece . Is there a solution to this? Thanks,system_performance_freeze
1744849,Okay @115858 - enough with the I “A Question mark box” error in texts and Facebook! Fix it!,keyboard_autocorrect_bug
827148,@AppleSupport No I would like more storage for apps and pictures,keyboard_autocorrect_bug
150016,@AppleSupport Why am I getting such pop up message? And when those songs will be available? https://t.co/svtOQR5mMw,other
951891,@AppleSupport #touchdesease my iPhone 8 stooped responding !!!!!!!,system_performance_freeze
770506,My phone cut off three times today with a full battery @115858 fuckin up! 🤦🏾‍♀️🤦🏾‍♀️🤦🏾‍♀️,battery_drain_power
2435744,"@115858 this iPhone update has destroyed my phone mate nothing works, everything is closing, is there a way I can go back an iOS ?",system_performance_freeze
2128266,@AppleSupport is there a plan to fix this? https://t.co/RfMparTOtH,other
2287620,@115858 is making us all look like fools out here with this I️ glitch.. like god damn fix it already!,keyboard_autocorrect_bug
753009,Why did a virus message pop up on my phone @115858 I’m confused,keyboard_autocorrect_bug
1472774,Gutted my #iphone6Plus has died completely after update @115858 I can't even get life linking it to #Mac - can you help? please!,system_performance_freeze
1600112,@AppleSupport Oh now it wants to sign me out my fucking iCloud dude!!!!!!!! I am literallly having a BF,account_icloud_login
2058189,"@AppleSupport So is this a bug? Ha it’s really obnoxious, almost like it forgets to store the value of the current sound level and assumes it’s maxed out",system_performance_freeze
2283106,@AppleSupport And I don’t have the Mac on me at the moment.,system_performance_freeze
2299837,@AppleSupport is there a keyboard shortcut to switch between these two tabs? https://t.co/3d8LZWRiME,keyboard_autocorrect_bug
177821,Why does my iPhone 7 Plus keep freezing? @AppleSupport,system_performance_freeze
2062373,"@AppleSupport downloaded iOS 11.0.2 ;now the majority of my apps crash, I can’t make phonecalls because my screen then freezes and resets!?",system_performance_freeze
612946,@AppleSupport Why am I still seeing it even after updating?,keyboard_autocorrect_bug
257749,"@AppleSupport It says 11.0 (15A372), but 11.0.2 just popped up so maybe that will fix it!",system_performance_freeze
208227,@AppleSupport I have a question,system_performance_freeze
1335163,@AppleSupport iPhone X ordered on the basis of a 2-3 week delivery.Just seen it changed to 4-5 wks delivery after checking out. Misleading,system_performance_freeze
992089,Atualizei pro iOS 11.0.3 e agora meu celular tá parecendo um ferro de passar roupa. Ajuda nós aí @AppleSupport @115858,system_performance_freeze
1118107,@AppleSupport my phone is lagging so much and i cant get shit done because it always decides to freeze. when are you guys going to fix this?,system_performance_freeze
2043555,@AppleSupport why does FaceTime keep freezing my phone and slowing everything down with iOS 11,system_performance_freeze
2291572,@AppleSupport Now I am getting this screen.  Says the MAC SSD 525 - disk is locked.  Won’t let me install https://t.co/dFd5fmfmAT,other
1127531,@115858 Non ricordo la password ID Apple.Ho chiesto ripristino giovedì. mi dite che risponderete il 27/10.Cosa posso fare x averla subito?Grz,account_icloud_login
760490,@AppleSupport hi - ever since i downloaded the last software update my phone has been freezing and playing up. Is this a known issue?thanks,system_performance_freeze
543639,"@AppleSupport Hi, iphone 7 keeps rebooting every 3/4 mins since this morning, updated it on Thursday",system_performance_freeze
1130480,@AppleSupport my Apple Watch is up to date but not all graphics are coming through. For instance the twitter icon doesn’t show at all,system_performance_freeze
2690787,Spent $170 on @115858 AirPods at @127271 not even a month later the left one quits working. Nice to know something so expensive that doesn’t come with an extended warranty craps out so quick. @AppleSupport @138244,audio_music_playback
1461629,Apple come on and fix this already because I’m not tryna talk about this dumb clown I.T I️ just want the lowercase one 🙃 @AppleSupport,keyboard_autocorrect_bug
882612,"@AppleSupport Facing LOTS of frequent crashes in new Safari 11 (El Capitan, MBP Late 2011). Plz fix it asap.",system_performance_freeze
609769,I'm very disappointed and hurt by @115858 @AppleSupport,system_performance_freeze
1907940,@AppleSupport I’m getting tired of my iPhone freezing every 10 minutes!,system_performance_freeze
937482,"Dear @115858, this new update has made my battery life shit.",battery_drain_power
947821,@AppleSupport hey can any explain why my new iPhone 7 constantly freezes and I have to reset it 4-10 times every single day? So disappointed https://t.co/zMDMcwhEqp,system_performance_freeze
1966573,"Hey @115858, it’s been many yrs that I’ve had an iPhone and this is the 1st time an iOS update kills my battery by lunch time. Fix this plz",battery_drain_power
546566,"@AppleSupport why does my IPhone SE keep vibrating even though there’s no notifications 
I’m on IOS 11.2",system_performance_freeze
567634,"@AppleSupport yes. all updates installed. did all known fixes/solutions but, no joy.
did clean install also. The attached snippets were taken after clean install. no third party app has been installed yet.",system_performance_freeze
962244,Hello @AppleSupport - Why macOS Sierra no longer appears in the “my purchases” section ?,billing_app_store
1151887,Amber alert just made me shit on myself. They’re very important but perhaps we could turn the volume down a bit @115858,other
2213608,This latest @115858 iOS update is so bad. I've barely used my phone today but my battery is completely drained.,battery_drain_power
1327258,"@AppleSupport Thank you. That's how I did the change over, but still seem to have lost the data.",system_performance_freeze
2595560,@115858 been months and I've been trying to update my phone this keeps happening what do I do https://t.co/kV1Mh1dDfm,system_performance_freeze
1980696,@586317 @586318 @AppleSupport Dude same!!!! I️ called them yesterday &amp; we tried everything and it’s still there 😭 even after the new software update!!!!!,keyboard_autocorrect_bug
761942,@302044 Springboard issues as if it's jail broken known issue .... @AppleSupport when are yall fixing it.,system_performance_freeze
2594411,@AppleSupport please fix your app before 12 tonight,battery_drain_power
1402934,@AppleSupport @446179 Everytime I listen to music and go to another app the music always malfunction and stops playing🤦🏻‍♂️,audio_music_playback
1455352,Wow @applesupport I just lost 22% power in 15mins on my iPhone. 11.0.3 is terrible. Wait... now 24%...,keyboard_autocorrect_bug
1159177,@AppleSupport why is the ios11 so buggy and battery draining in the iphone 7+??????? Its annoying!!,battery_drain_power
2978791,@AppleSupport fix my keyboard future overlords,keyboard_autocorrect_bug
1641310,@115858 Thanks for the new update... Now I cant turn off auto brightness. My phones battery sucks now!,battery_drain_power
2734436,@AppleSupport This has been happening since I got my iPhone X. It’s running 11.2.,system_performance_freeze
1082983,@AppleSupport know about #Files app crashing? I just tried to open saved pdf. Every time it crashes. #Fixit,system_performance_freeze
1863224,My iPhone 5s has become a shit Touch ID not working it’s saying failed to use it and the battery dead’s up fast in iOS 11.0.3 @AppleSupport,battery_drain_power
2485740,"@AppleSupport I have a 128gig iPhone, how do I make it use that as my default storage instead of my iCloud? It keeps telling me my iCloud is almost full but I got 128g of storage to avoid that problem",account_icloud_login
84215,Well guys ... i dropped my iPhone .. my iPhone w/ a case on it .. my iPhone that’s supposedly shatter proof .. my iPhone 8 Plus That now has a cracked screen .. any explanations @115858 🤦🏽‍♀️🤦🏽‍♀️,system_performance_freeze
1674188,@115858 I️ think your recent update messed up my phone. https://t.co/uVdmJBrlz7,keyboard_autocorrect_bug
2675730,@118062 @118721 @AppleSupport I pre-ordered Taylors new CD last week and still never got my presale code! Please help!,system_performance_freeze
2109830,@115858 @AppleSupport fix this “I️” issue now!!!,keyboard_autocorrect_bug
1155526,"Yo @AppleSupport the weather widget doesn’t seem to update. Running iOS 11 on 8+, data and location services on, app itself ok when open",system_performance_freeze
791595,So why does @115858 tv suck so bad and keep shutting off every 10 minutes?!? #pos,audio_music_playback
1080416,#iOS11 UI is one of the buggiest ones I have ever seen from @115858. For example the mail app icon is always showing the pressed down look.,system_performance_freeze
1567584,@AppleSupport Well so much for improvement with recent releases. Photos taken 2 years ago become a recent alert as if taken yesterday,keyboard_autocorrect_bug
1631242,@AppleSupport my clock on my phone hasn't changed yet. Is there a way that I can change it myself?,keyboard_autocorrect_bug
1905425,@115858 terrible issues caused by new operating system upgrade. Lots of time with customer support. Not the Apple I’m used to.,system_performance_freeze
814989,Since I've gotten my new @115858 iPhone my #Applewatch does not work properly @287031 help.,keyboard_autocorrect_bug
2517051,So my phone won’t call or receive calls from anyone… And the battery went from about 35% down to 1% in just a few minutes. What is going on? @115858,battery_drain_power
1483617,What’s causing this to happen @115858 @AppleSupport when hitting the “eye” letter key. “I️ “ https://t.co/U8ix00h8W1,keyboard_autocorrect_bug
1519921,@AppleSupport What else do you need from me as I already explained to 4 of your staff? The last told me he will contact me #stillwaiting 💀,system_performance_freeze
1803505,This stupid update is making my phone all glitchy and stupid @115858,system_performance_freeze
1769284,WAIT THOUGH ME WASNT TYPING I️ YESTERDAY AND ME UPDATED 4 DAYS AGO. @AppleSupport FIX THIS SO ME CAN STOP TALKING LIKE COOKIE MONSTER,keyboard_autocorrect_bug
1019630,Does anyone else’s home screen turn when navigating between pages with the new iPhone update? @AppleSupport https://t.co/tGQhilU7M5,system_performance_freeze
63215,I update my phone and lose alllllll my music. WHAT THE FUCK @115858,system_performance_freeze
1676295,Updated my phone and now I can’t access nightshift mode from Control Center fix this @115858 please,system_performance_freeze
2307257,So my iCloud iTunes Library isn't working @AppleSupport,audio_music_playback
2674166,.@115858 - my iPhone 7 on 11.0.3 is about to make me leave your ecosystem after being a user since before iPhone 1. iOS11 is garbage. Help.,system_performance_freeze
2516060,"@AppleSupport I’ve added a card to Apple Pay, called my bank 3 times to have it verified but it’s still telling me to verify it in Apple Wallet settings. Ive tried removing it and then verifying with the bank but same problem. iPhone X iOS 11.1.1",system_performance_freeze
991102,@354765 @AppleSupport Mine too. Been trying to get it fixed for 2 weeks. Ready to throw it away and get an android. So frustrating,system_performance_freeze
1098703,@AppleSupport iPhone 6S. Recently updated. I went under settings to adjust and the standard and zoomed settings didn’t give much difference.,system_performance_freeze
1929539,@AppleSupport this new update for iPhone iOS 11.0.3 is god awful everything on my phone freezes now apps don’t appear properly either #shit,system_performance_freeze
2261791,"@115858 y when I put my phone on low battery mode it goes dead faster than having it on? 
Update is misery 🙄🙄

#ios11update",battery_drain_power
1594999,"@AppleSupport How can i use the reachability for my iPhone X like this one, it doesn’t work! https://t.co/shT5KhqkNm",keyboard_autocorrect_bug
1744890,@115858 IF MY PHONE CHANGES I TO SOME STUPID SHIT ONE MORE TIME IM SWITCHING TO ANDROID. FIX THIS,battery_drain_power
2746133,@AppleSupport Yes. Again it worked fine before the OS updates to both devices. Logged in and out of iCloud as well.,account_icloud_login
965352,@AppleSupport Ok so once I can get in to the tv app it’s fine.  It I have to be connected to the store to get it. Can I change that?,keyboard_autocorrect_bug
1647798,@115858 fix these goddamn I️,keyboard_autocorrect_bug
2130236,"@AppleSupport Hi, I downloaded a few text tones from the App Store, but I can’t seem to find them on my phone to actually set them as my text tone. Can you help?",billing_app_store
1762991,@115858 @AppleSupport y are my text sending like this now with my iPhone X? I typed a paragraph not three lines and a new text. https://t.co/1g6Iq4bzI9,other
817073,@115858 you’ve really fucked up my phone with your stupid update.😡,system_performance_freeze
1938353,@AppleSupport My iphone RESTARTS BY ITSELF more than 3 times a DAY.,system_performance_freeze
2117209,"@622781 @116333 @115858 I have the same issue.
I also have no battery life. Fully charged, I get less than one full hour of use.",battery_drain_power
1022964,@AppleSupport A week ago,system_performance_freeze
2838634,"Yo @115858 get your people over at the Williamsburg, NY location. Poor to no customer service.",other
1981828,@115858  what’s going on with this “I️” shit,keyboard_autocorrect_bug
1711005,@AppleSupport I am. I was also able to download the google app. I don’t want the app though,keyboard_autocorrect_bug
1813922,"Morning @AppleSupport, brand new MBP and my left low-mid speaker has blown. Any ideas? https://t.co/0GEJNWQlZE",other
2336141,Hey @115858 is there a way to roll back this update?  Unless the update was supposed to slow my phone down?,system_performance_freeze
2490733,@AppleSupport Can you shower with Apple Watch Series 3,keyboard_autocorrect_bug
1765997,"@applesupport after upgrading my 6s Plus to iOS11 my battery life has been terrible, now I need to charge phone twice per day. Thoughts?",battery_drain_power
1579841,I don’t know what the purpose is in an #iPhone update that makes my battery drain from 💯 to 51% in 46 minutes. @AppleSupport #pathetic,battery_drain_power
488067,@AppleSupport So is there really no way to turn off auto screen brightness now? Mine keeps changing when it isn’t in sunlight and I can’t see my GPS anymore. Not very safe to have to manually adjust repeatedly while driving.,keyboard_autocorrect_bug
1940021,@AppleSupport Tate speaker phone wasn’t working but I know my speakers aren’t broke @95963 jump in if you have more,system_performance_freeze
291401,@115858 What’s with all the whack iPhone updates? 11.0.2 sucks too. Still bugs.,system_performance_freeze
584837,@AppleSupport I’ve updated and it can’t back up because it shuts down every minute or so,system_performance_freeze
2911747,Hey @115858 @AppleSupport Maybe let your marketing team know this google ad has a broken link: https://t.co/HC3tfHVb7R,other
1449241,"@AppleSupport hi, is Apple Music sharing available in the UK? I don’t have the option to start sharing in the app settings.",audio_music_playback
1172523,@AppleSupport - I am connected to the internet. Why am I getting this message? https://t.co/D6pICqgcBi,other
876358,@AppleSupport I’m having issues with my alarm not going off. I have the lastest up date but since switching to iOS 11 they don’t work,system_performance_freeze
537593,@AppleSupport iOS 11.1.2 has left my phone unusable:,system_performance_freeze
2838727,Dear @115858 FIX THE FACT THAT MY PHONE WONT STOP RANDOMLY RESTARTING ITSELF!! pls&amp;thx,system_performance_freeze
1776304,"@115858 @AppleSupport I am having a problem and find others with the same. Typing ""I"" on my iphone changes to A and a symbol. Started with latest iOS upgrade. #HELP!",keyboard_autocorrect_bug
436443,@AppleSupport Ever since I downloaded IOS 11.0.3 my notifications don’t work.,system_performance_freeze
1980446,"@AppleSupport As I said, I can't access my text messages. Got a new phone but can't do anything until I have activation code",system_performance_freeze
1699898,@115858 ... how long we gonna let this I️ shit go on for?,keyboard_autocorrect_bug
773531,@AppleSupport talking about when the screen fades after five seconds rather than when the screen is locked.,system_performance_freeze
1982619,@AppleSupport why does this keep happening?!? All the random capital A’s and boxed question marks?! Getting to be annoying. https://t.co/J1orpuv7QT,audio_music_playback
1905780,@AppleSupport Looks like it went through the second time. I was sending the email from my Gmail account on an android device to an icloud account.,account_icloud_login
1961429,@AppleSupport the music on my iPhone keeps pausing whilst I’m driving in my car it’s via Bluetooth. It’s only happened since the update.,connectivity_network
373663,"What the hell, @115858??? This is the second time my iTunes library has been erased while subscribed to Apple Music. Beyond mad 😡",audio_music_playback
208975,@AppleSupport Can I use the lightning digital av adapter &amp; lightning to usb 3 adapter in series? Ie. hdmi out to a monitor and usb keyboard,keyboard_autocorrect_bug
48000,@126732 @AppleSupport look at this shit. I’m sick of it! Can’t type the letter I️ without all the extra bullshit!,keyboard_autocorrect_bug
1920359,@AppleSupport my phone keeps auto-correcting it to I/T - can you help!? I'm having no luck w/ text replacement for it too! thanks!,keyboard_autocorrect_bug
301094,@AppleSupport I figured it out. Hold the volume down button and the right click button for ten seconds. #allbetter,system_performance_freeze
2134328,@115858 what the fuck is up with I️ ? It’s really getting the fuck on my nerves.,keyboard_autocorrect_bug
1706983,@AppleSupport no offense but fix this stupid I️ glitch bc I️ have important emails to write and I️ can’t do it on my phone now,keyboard_autocorrect_bug
177819,"Dear @AppleSupport your new update freezes my iPhone 6s every time I try to open a different app, can you least try and fix this problem like Hollywood try’s to fix its problems by releasing tonnes and tonnes of reboots...",system_performance_freeze
1100829,@AppleSupport My MacBook Air won’t recognise my hard drive with all my stuff anymore,keyboard_autocorrect_bug
2439758,@115858 why can’t i make a Genius Bar reservation online? This is annoying,audio_music_playback
1470640,@AppleSupport this is annoying.. it’s supposed to take me straight to the convo from favourites but only does if the app hasn’t been closed😫 https://t.co/xe92SNHBmy,other
1507990,"@115858 @AppleSupport desde que actualice mi iPhone 7 con iOS11 ha ido de mal en peor!! Se apaga, se traba, se reinicia 😡",system_performance_freeze
81988,Okay but why has my iPhone 6 battery been dying 500x faster since installing IOS11?? 🙃 @AppleSupport,battery_drain_power
6808,@AppleSupport This update sucks! Everything on my phone is slower and the battery drains quickly!!,battery_drain_power
712077,"@AppleSupport No. I push play on podcast, it plays it. Then I turn radio up on headphones, car, etc and it goes to my music.",audio_music_playback
1771001,@115858 @AppleSupport my wife @70929 didn’t get a lightning to headphone jack adapter with her new X? What gives?,audio_music_playback
1697470,Why tf the letter “I️” showing up as ? Marks ? @AppleSupport,keyboard_autocorrect_bug
627920,Wish I didn’t update my iPhone it’s so fucked now @AppleSupport,system_performance_freeze
2302763,@AppleSupport Ok I’m sorry! I just have a problem for listening music with my headphones. That do pause or past for another song without my demand...! Since the new update iOS 11.,audio_music_playback
2774416,@AppleSupport I m located in India and the current IOS version is 11.1.1,system_performance_freeze
2790680,@AppleSupport  I am disgusting on the service I've been given on Apple care.,system_performance_freeze
2039944,@AppleSupport so are y’all ever gonna fix the i️ issue or nah??,keyboard_autocorrect_bug
1678519,@AppleSupport I believe that’s how I fixed it before. Thank you!,system_performance_freeze
2015359,@115858 fix this shit “ I️ “,keyboard_autocorrect_bug
1757769,"@AppleSupport No, I want to know why that rogue X is there",audio_music_playback
2412983,"@AppleSupport I think it’s mainly when Im outside side and on cellular, but all the music and audio I listen to downloaded ans on my phone and I’m not streaming it over cellular. It effects all audio apps including iTunes, Spotify and apple podcast app.",audio_music_playback
747797,iOS 11 ruined my phone. Done with @115858 garbage,system_performance_freeze
2695089,"@AppleSupport Is there anyway to disable the “segment” feature on my outdoor run workouts? It’s breaking my mile splits and I activate accidentally a lot. Also, seems to break seeing the map afterwards?",system_performance_freeze
1181507,"feature request:
iphone 5s @AppleSupport 
UC: settings &gt; general &gt; sounds &gt; y is “change with buttons” NOT default=on?
arg: public transport https://t.co/0XnGnYN7ev",other
1408195,"@AppleSupport Hi if I buy a refurbished iPhone in USA when I'm on my holiday, will the warranty be valid in the UK? Thanks",keyboard_autocorrect_bug
2479026,Hi @AppleSupport! I have a weird box that I can move about but can’t get rid of. https://t.co/s5U76FK4RC,keyboard_autocorrect_bug
2500926,@AppleSupport It’s 11.1.1 and it literally just happened again and I’m not plugged into anything,system_performance_freeze
543694,"- @115858 y'all need some help over there? You fixed the ""i"" issue not now you're autocorrecting ""it"" to ""I.T."" A bit ironic don't you think?",keyboard_autocorrect_bug
2050377,@AppleSupport excuse me lol this update is making my phone die faster. Take it back,system_performance_freeze
1761069,.@115858 #iPhone7 #iOS #iOS11 #bug https://t.co/Q80eVmgIEc,system_performance_freeze
259993,@AppleSupport Wht do u mean by DM? Since last 3 days many mails are sent 2 __email__. Replacement has 2 b by Oct 8. I’ll b outstation 4m 9th,system_performance_freeze
1697380,Okay wtf is up with I️ @115858 ????,keyboard_autocorrect_bug
1642545,@115858 @AppleSupport how can we fix thisssss. I️,keyboard_autocorrect_bug
1037077,@AppleSupport why the fuck my phone keep freezing?!!!,system_performance_freeze
1706987,Can @AppleSupport PLEASE explain why I’m close to losing it over this autocorrecting the letter/word “i” !?!???!!!??!??!??,keyboard_autocorrect_bug
2468908,@115858 why is the pronoun “i” broken,keyboard_autocorrect_bug
1905778,Hey @AppleSupport - something wrong with iCloud backup on iPhone 6s since iOS 11. It gives error - no space where as I have enough space,account_icloud_login
1869639,"Dear @AppleSupport, I'm having several problems with my iphone since I installed the iOS 11 and I can't install the newer version of the OS.",system_performance_freeze
1543534,@478158 @AppleSupport Mine does that too,system_performance_freeze
2639642,"Hey @AppleSupport why does my phone keep on freezing, lagging and wont fully load apps
Wasn’t doing this before the update just saying 🙄",system_performance_freeze
1372483,@AppleSupport Old Film purchasers disappeared from my account. Please help.,billing_app_store
1822114,@AppleSupport latest update is awful. So many glitches. @318 update is terrible!,system_performance_freeze
1840675,This update fucked my phone up! It keeps freezing &amp; calling random people. @115858 keep playing I’ll get a flip phone.,system_performance_freeze
797634,@115858 horrible el ios 11.03 ojala pudiera desinstalarlo y volver al antiguo! 😡 Horrible las notificaciones que debes borrar una por una 😤,system_performance_freeze
184419,"@AppleSupport, I’m sick of not being able to type the word “I”",keyboard_autocorrect_bug
1792888,@538514 @115858 I got a new battery and that still hasn’t helped. Super slow and battery down by lunch. So frustrating,battery_drain_power
2313154,@115858 how do I️ delete pictures and videos from my iPhone but keep them on iCloud?  Also when are you going to fix the letter I️ issue?,keyboard_autocorrect_bug
1185300,"still trying to work out how this is possible @AppleSupport? Stand for 15, nearly 500 CAL &amp; a massive ‘2’ minutes exercise… also 8k+ steps https://t.co/wWUvERTA60",other
687994,Wow. The latest iOS is laggy. Even scrolling is jerky. @AppleSupport not what I expect from on a iPhone 6s Plus,system_performance_freeze
2063460,@AppleSupport what’s going on with the iMessage text bar that just hovers in the middle of every app I open?,system_performance_freeze
2148144,@115858 FIX THE I️ GLITCH,keyboard_autocorrect_bug
717573,@AppleSupport I hate the new update it keeps freezing my phone wassup with that ?,system_performance_freeze
2355104,"@AppleSupport iOS 11 has turned my rockin’ iPhone 6+ into my iPhone 4. Slow, clunky, autorotate does not, etc. I might as well be using a Samsung. Fix it quick, please.",system_performance_freeze
2347660,Can someone from @AppleSupport please call me. A human. I'm so frustrated with this automative bull shit. We spend so much money on your products and can't talk to a real person for hours,keyboard_autocorrect_bug
2364444,@AppleSupport They just stop working out of the blue,keyboard_autocorrect_bug
1956275,@AppleSupport Sent DM yesterday as requested. No response... just like my iPhone with iOS 11. Been waiting over 18 hours now.,system_performance_freeze
2291643,"Phone freezes all the time now. I'll be in the middle of typing an iMessage &amp; it just stops typing, then jolts back to life like a frozen computer. All of my apps freeze as well. Snapchat/tinder the most. This is literally the worst update ever for a phone. @AppleSupport #ios1103",keyboard_autocorrect_bug
1704704,&amp; i just updated my phone &amp; the eye still don’t work @AppleSupport,system_performance_freeze
937411,"@342218 @115858 And by the way, six of my apps (from the App Store) no longer work because this new iOS has decided they're no longer compatible.",billing_app_store
850661,@AppleSupport If it’s working properly when I type #Th the entire phrase: #ThinkBlue SHOULD pop up not have to be typed in full (scratches head),system_performance_freeze
260010,Since updating to iOS11 I see this screen several times a day when opening apps @115858 #iphone https://t.co/CU4NFQ1hPU,system_performance_freeze
2015679,@AppleSupport @115858 please could I have a contact email address to submit a complaint to https://t.co/AJwzV4KUJ0,other
2957128,"@AppleSupport Yes, I have a student subscription",billing_app_store
998063,@AppleSupport my battery life is crazy don’t last a few hours since the latest update so you know when it will get sorted or how to sort it,battery_drain_power
2692836,"@115858 
@116333 

So just to be clear, my phone got bricked by a flaw in one of your software updates (11.1.1 to be more precise) and am the one who is supposed to pay around $300 to replace it?",system_performance_freeze
1714780,@115858 @AppleSupport wtf is this glitch https://t.co/eDvyW2Okvq,system_performance_freeze
2286816,Okay but actually. When is @115858 going to fix this “I️” situation?,keyboard_autocorrect_bug
699586,"@AppleSupport Hi, UPS-Mexico delivered my iPhone X in another address by mistake. What can I do?",keyboard_autocorrect_bug
2000307,FIX MY I’S @AppleSupport,battery_drain_power
1170818,@AppleSupport Hello I've installed the latest High Sierra beta version and when I close my laptop and come back to it it's shut down?,system_performance_freeze
2731422,@AppleSupport Thanks i also have another question. For my iPhone 6 i have a password for it and i don’t remember it. Is there a way to save everything that is on it at the moment and back it up on a laptop?,account_icloud_login
646876,How can this happen 🙄I’m fucked. @115858 #magsafe #apple #macbook https://t.co/ZmqQJymW0R,other
2960142,@AppleSupport is there any way we could see old daily apps/ old daily reviews? I forgot one of the last month about taking nocturnal pictures but we can only see daily posts of a only week ):,keyboard_autocorrect_bug
812237,@AppleSupport my FaceTime Live Photo’s are not saving,camera_photos_media
1585403,@AppleSupport I unsubscribed from a membership a week ago but it still charged me today? Help please.,battery_drain_power
228288,@AppleSupport hi ever since I updated my phone to ios11 my rear camera hasn't worked properly please help,camera_photos_media
1973612,@AppleSupport Wow I’ve never been so disappointed w such shitty customer service!!!!!!!!,system_performance_freeze
1889706,.@115858 I’ve been on my phone for 11 minutes today using LTE and I’m down to 94%. No streaming. Simple twitter. Your new iOS is bad #ios11,system_performance_freeze
229215,"@170666 I keep losing data connection. Cellular is fine, just data. @AppleSupport why is this happening?",connectivity_network
1407780,"@AppleSupport Thank you but I think it’s bug. With all other sharing friends, any problem.",system_performance_freeze
1153825,"@AppleSupport my first iPhone (7) - superb. update to new IOS and it becomes absolute garbage. Battery gone, unuseable, buggy mess - how?!",battery_drain_power
2454610,"Shit you not, I went down stairs to get food after plugging my phone in n I came back up to find it smoking from the charging port.🔥 I pulled the charger out and this is what it looked like.. SOS @115858 @AppleSupport https://t.co/8QuKANhOW7",battery_drain_power
1529986,why can’t I️ type the letter “I” after this update @115858,keyboard_autocorrect_bug
2044946,In my opinion the new @115858 @AppleSupport is the biggest #technical goof of this century. Your battery will drain in 4 hours. #Huge screwup,battery_drain_power
1772195,@AppleSupport why is my phone changing the letter I to an A and box with a ?,keyboard_autocorrect_bug
1585369,@AppleSupport Why is @254033 podcast from 11/3/17 with @27451 temporarily unavailable?,audio_music_playback
682070,"@AppleSupport After upgrading to IOS 11.1 my perfectly good battery on IPhone 6 drains before my eyes, now completely unusable!",battery_drain_power
270649,@AppleSupport after I restored my phone any texts I get after I turn on my phone get deleted as soon as I type in my passcode,keyboard_autocorrect_bug
764215,Why is my phone constantly using data @AppleSupport when nothing is running been like this since iOS 11 update https://t.co/6yfSrg1AG6,system_performance_freeze
165796,@AppleSupport can you help on this ??  This is the 3rd time in 2 months. https://t.co/jXdsdmmvbK,other
1895893,"Hey @115858 plz fix all these issues with the iPhone iOS 11 updates, because if my phone freezes one more time it’s going in the toilet.",system_performance_freeze
1592014,"does anyone know how to fix this!?!?!?! It happens whenever the capitalised ""I"" gets written. I've updated everything 😭😩 @AppleSupport help https://t.co/gxkfS5npj2",system_performance_freeze
798859,"@AppleSupport sure, i’m running the most recent update, 11.0.3",system_performance_freeze
2286415,I’ve read so many great reviews for the #iPhoneX’s camera and man I am severely disappointed. I hope I just got a defective unit cause this is worse than my 7+ massively. @AppleSupport,camera_photos_media
1083907,@AppleSupport @115858 ??? What is this? Is this a trap? https://t.co/XzG6zNyc9y,other
950408,"@AppleSupport Yes, I’ve tried both to see if it made a difference and it didn’t.",system_performance_freeze
2082770,@AppleSupport 12) ...back from my tech support person. Received it and then was hung up on by the automation,system_performance_freeze
2676504,"Ever since the most recent iOS update my Bluetooth works about 30% as well, phone freezes and generally sucks. Please fix @115858",connectivity_network
2110820,@AppleSupport My iPhone X speakers are still cracking. Thought the last IOS update was supposed to fix that?,system_performance_freeze
1858015,"@115858 what is the point of doing an update, when it actually makes your phone crash all the time?! #iphone #nightmare #ios11update",system_performance_freeze
2121066,@AppleSupport iPhone 8 touchID doesnt unlock while charging on 110v w/ 61w laptop charger to usbc lightning cable just uh.. so you guys know,battery_drain_power
2468895,@AppleSupport Bug in IOS11.0.03.had 738 unread messages and just restarted my mobile.Getting notification for all 738 1 by 1. #iOS11 #Apple,system_performance_freeze
2445220,I️ I️ I️ I️ I️ I️ I️ I️ I️ I️ I️ I️ I️ I️ I️ I️ I️ I️ I️ I️ fix this shit @AppleSupport I️ I️ I️ I️ I️ I️ I️ I️ I️ I️ I️ I️ I️ I️ I️ I️ I️ I️ I️ I️ I️ I️ I️ I️ I️ I️ I️ I️ I️ I️ I️ I️ I️ I️ I️ I️ I️ I️ I️ I️ I️ I️ I️,keyboard_autocorrect_bug
2343838,"@AppleSupport Hi there we have a problem in the latest update for ios 11 Build 11.1.1 Attached to the Apple logo I need to restore it, what is the problem",system_performance_freeze
1821952,@AppleSupport Apple uk replaced the battery in my iPhone 6 at the end of August 2017. Yesterday it began expanding... https://t.co/pA1TPMd7tA,battery_drain_power
1704675,"I️ know there are bigger issues in the world, but please take care of the I️ issue on iPhones, @115858. No one wants the damn question mark.",keyboard_autocorrect_bug
1746871,"@AppleSupport Unfortunately it still does it and now it even starts to ring a bit, even when on silent :)",system_performance_freeze
612978,@AppleSupport This didnt work for my iPhone X. Any other suggestions?,keyboard_autocorrect_bug
2948288,"@115858, your podcast app has a terrible search function, it closes for no reason, it’s slow and it even takes forever to load up material that has already been downloaded.",system_performance_freeze
1175572,@115858 please shed some light on I PHONE X's international warranty,keyboard_autocorrect_bug
2186227,i left my phone charging last night and i wake up to a dead phone 😑 FUCK IPHONES @115858,battery_drain_power
902825,@AppleSupport @115858 are you planning to fix the problem with battery usage caused by late software upgrade? Or I need to change @122609,battery_drain_power
1785462,@AppleSupport big bug... iOS beta 11.1 WiFi switch it's blocked off and I can not turn it on... and now ???,connectivity_network
2307969,"*I️

Btw wtf is with that little bug @115858 -__-",keyboard_autocorrect_bug
1067837,@AppleSupport 11.0.3 but my alarms still don’t make a noise unless my ringer is turned on - I used to be able to leave my phone on silent but still set an alarm. Any ideas?,keyboard_autocorrect_bug
1104177,"I bought a longer cord for my iPad from the https://t.co/b8v6yJ2oHe store. My iPad intermittently informs me it may not be a supported accessory as it stops charging. WTH, .@115858? I bought an Apple cord, not a knockoff. It's annoying.",battery_drain_power
2304327,@AppleSupport is At&amp;t carrier iPhone x was unlocked if we pay full amount?,connectivity_network
751761,@AppleSupport Thank you for sharing the article !!,system_performance_freeze
817686,my laptop isnt working. itunes or i cant download anything @AppleSupport,audio_music_playback
2565804,Updated the update and my I’s still look like boxes..... @115858 what is wrong with u,system_performance_freeze
184434,@AppleSupport I need my password resetting as I forgot it loads of times etc... it’s saying that I have to wait until a certain date. Help,account_icloud_login
235287,@AppleSupport It's now only vibrating when anyone calls me 🙄,system_performance_freeze
2068130,Adding third party cloud providers has disappeared from Files in the latest iOS11 update. @AppleSupport,system_performance_freeze
600425,@AppleSupport how do i send and receive money with this new update...i dont see anything anywhere,system_performance_freeze
2500910,Hi @115858 the word “in“ is short and commonly used. We shouldn’t be autocorrecting to “I.n”. Just doesn’t make sense ya know?,keyboard_autocorrect_bug
1676306,@AppleSupport this SUCKS,audio_music_playback
2925619,"@AppleSupport Updated my new 2 days old ipad pro to 11.1.2. 
FaceTime quality has dropped remarkably. Person on the other side says image looks blurred, as if a glass is placed on camera. When I FaceTime using iphone X using the same wifi, there is no issue. Is this a ios bug?",camera_photos_media
1792853,@116333 2/n have purchased 2 Mac books  in  Last 3 yrs n both are in trash now .. one just crashed today within a month of purchase.,billing_app_store
1769307,"@531943 @115858 Hi, why do I have question marks and a broken heart over my head",keyboard_autocorrect_bug
1798547,"@AppleSupport That’s lovely, but it does not work how this article describes.",keyboard_autocorrect_bug
2641382,"Loved my iPhone7+ until the new updates messed it up 😒😒 freezes, camera wont focus, WiFi keeps turning itself on @AppleSupport",camera_photos_media
596921,@AppleSupport Could you help me? I purchased the iphone 7 smart battery case just over 1 year ago.  It's  fallen apart and needs replaced,battery_drain_power
2898989,@AppleSupport It's not the wifi - I have multiple wifi around me at all times that works fine on other devices,connectivity_network
2117284,Dear @115858.....your letters are NOT working correctly! When you type the letter after H but before J you get I️.,keyboard_autocorrect_bug
1699827,So @AppleSupport  when are y’all going to fix this“I️ “? 🤔,keyboard_autocorrect_bug
825901,@AppleSupport  Why are your parental controls are blocking my kids access to the Roblox server? It only works if they are disabled,system_performance_freeze
763985,"Dear @AppleSupport. not only did your guidance turn my phone into a brick, you can’t even get me a store appt to fix it.  #useless",battery_drain_power
1514688,@AppleSupport WHY TF ARE THESE UGLY ASS BOXES WITH QUESTIONS MARKS IN THEM POPPING UP 😑,audio_music_playback
1233600,@AppleSupport The keyboard got struck and not moving. Only after restarting the issue solved but again occurs often.,keyboard_autocorrect_bug
690405,@AppleSupport I’ve got 11.0.2 (15A421),system_performance_freeze
749778,"@AppleSupport Buggy performance with 24-bit audio in iOS 11 Music, as audio stops playing outside Music app.",audio_music_playback
2835866,"@AppleSupport i use iphone 6 plus and i was upgrade ios 11.1.2 and than my touch id is broken/failed! how to fix it, please! thank u",system_performance_freeze
2578707,@AppleSupport In the US.,system_performance_freeze
2739488,@AppleSupport I wont DM you and take the situation in private and not let the ppl know that the issue wasnt actually resolved. The support team asked me to go and buy a USB-C converter/cable and use it to solve the issue. Very practical of you @115858.,system_performance_freeze
556248,Hey @AppleSupport   Any chance we can turn on Apple Pay Cash after I spent an hour of my weekend updating after being told in the notes Apple Pay Cash was here?,keyboard_autocorrect_bug
2734090,My Mac no longer recognizes my canoscan 8800f since i upgraded to high sierra @AppleSupport #Mac #Canon,keyboard_autocorrect_bug
633836,Hey @AppleSupport why is wifi really slow on one network on my iPhone X? All other networks and cellular work fine and the slow network is fast on other Apple devices. Also seems to get slightly faster when mobile data and Bluetooth are off.,connectivity_network
501518,@AppleSupport @115858 pls do smth abt this.,system_performance_freeze
2312093,@115858 sucks! @AppleSupport u guys still haven’t fixed this issue??!,system_performance_freeze
1379697,@AppleSupport why is my battery draining super fast with iOS 11?,battery_drain_power
2302718,@AppleSupport I have an iPhone X and want to buy Apple Care for it. I am in Saudi Arabia. Is this possible ?,audio_music_playback
2978356,Can’t respond to a text because the keyboard window never appears. #NewAppleFeature @115858 Your Update stinks.,keyboard_autocorrect_bug
449520,@AppleSupport Thank you. It simply gives an unkwnown error has occurred.,system_performance_freeze
2045969,"#iOS11 is probably one of the worst software upgrades in recent memory. It makes my iPhone 6 feel like a 4. Thank you, @115858.",system_performance_freeze
31464,"Hi @AppleSupport my iPhone vibration not working after update iOS 11.0.3,mine is iPhone 6S",system_performance_freeze
2776004,So my @AppleSupport earbuds literally just shocked me in my ears. This happened on an old pair too. What the hell @115858?!?,connectivity_network
1948202,"@AppleSupport is my iPhone 6S too old (less than 2 years bought from Apple Store), or is it not built for iOS 11. Battery doesn’t last now",battery_drain_power
1164641,Hey @AppleSupport why are podcasts unsubscribing themselves? This update is hot garbage.,system_performance_freeze
2485854,"@AppleSupport Thank you for your help--I deeply appreciate it. I'll also contact my university ITS. I did find a temporary work-around: return to an older machine and reformat. Those changes are retained when I open on the system with High Sierra, but further changes are subject to same issue.",system_performance_freeze
889517,@AppleSupport high I’m getting this with a few ringtones how do I get this on my iPhone to show?,system_performance_freeze
2343679,"@AppleSupport Hey, Is there some reason that when I try to run a time machine backup using my seagate drive, it always tells me that the next backup will happen one hour after I plug the drive in? it does this every time, I would just like it to backup as soon as I plug it in.",system_performance_freeze
2429223,@AppleSupport Vehicle system up to date.  Checked that already,system_performance_freeze
1720524,"Hey @AppleSupport, my new iPhone X could not be activated, and AT&amp;T says its your fault. What do I do now???",system_performance_freeze
1145102,@AppleSupport IPhone 6s Plus before IOS 11 “Perfect” IPhone 6s Plus after so called update “Wrecked” Well done Apple 👏,system_performance_freeze
2485813,"Dear, @115858 

Y’all really got me fucked up. A whole update and i still can’t see the letter I. I ain’t pay all this damn money for a phone to look at a damn box 😐

FIX THIS SHIT 🤬",keyboard_autocorrect_bug
2837098,"@AppleSupport Thank you for your fast answer... I am has already reinstalled the iphone and restored  the saved old back up in icloud. if there is an error again, we will deal with it... the problem seems to be resolved. My model is: iPhone 6s Plus (MKU62CN/A) (A1687) iOS: 11.1.2 (15B202)",account_icloud_login
2050188,@115858 iOS updates are awesome if you like your phone not working anymore. This is bullshit. It locked up during a call.,system_performance_freeze
300643,@115858 @AppleSupport The back button is kinda feeling sticky and not working well as before.,system_performance_freeze
2029484,@AppleSupport Gave **,system_performance_freeze
743825,@AppleSupport iOS 11.0.2 keeps crashing! 👍🏻,system_performance_freeze
1690653,@AppleSupport pls fix the question mark box thingy,battery_drain_power
1643289,"@AppleSupport first of all, my SIM card is fiNE and yes I’m UPDATED so wtf 🤨",system_performance_freeze
1476449,"@AppleSupport Nevermind, I fixed it now. Thanks for getting back to me though.",system_performance_freeze
2269992,Hey @115858 your updates for iPhone-X breaks the others. That’s really bad for us. My iPhone 7 apps go crazy and my wife’s SE turns off itself while taking picture or video. When are you going to fix these issues?,system_performance_freeze
1762282,Arite sooo is  @115858 gonna fix this whole question mark issue orrrrrr,battery_drain_power
1822058,@AppleSupport Can I still take it in or is it pointless? I’ve tried using https://t.co/E1ZKtSJzAc to delete it to no avail.,other
206915,@AppleSupport iOS 11 messed up my iPhone! Screens get stuck and apps don’t work right after the update 😑,system_performance_freeze
1915424,"@AppleSupport Spent 5 hrs in last two days trying to get my new iPhone 8 work and I don't see any solid solution. Apple Care says something, apple associates at store something. Is there an end to it? Seriously thinking of switching back to my android.",keyboard_autocorrect_bug
2683817,.@AppleSupport my 2016 MacBook Pro is displaying horizontal shadows/lines at the bottom. Seems to be coming from the display as screenshot didn’t show the same shadows. Why is that? https://t.co/xFfGtkWMHX,other
1734434,What the fuck is “I️” this @115858,keyboard_autocorrect_bug
1834681,@115858 My IPhone7plus is updated but randomly restarts? Is there a bug fix for this? #Help #SocialMedia https://t.co/FjurvtAln7,system_performance_freeze
1064757,My iPhone 7+ keeps rebooting itself over and over every 5 min... 🙄🙄 Any ideas @AppleSupport ?,system_performance_freeze
2573887,"@AppleSupport Just did update.  I’ll see how it goes, thank you!",system_performance_freeze
1762977,@AppleSupport CAN YALL FIX THESE FUCKING BOXES !!!!!!!!!!!!!!!!!! TIRED OF THIS SHIT WTF ARE YALL DOING BRO,battery_drain_power
2488573,@AppleSupport not anywhere near as long as it did a week ago.....,system_performance_freeze
773061,@AppleSupport My phone has the 1 next to software but says it's up to date with 10.3. Help?,system_performance_freeze
557879,"@AppleSupport videos in my camera roll show up blank and won't play, all my contacts got deleted, what are you doing to my phone",camera_photos_media
1748920,Just updated my iPhone. Wifi essentially dropped. Was not having this issue yesterday @AppleSupport @115858. Cannot even load one full page,connectivity_network
2557437,It is so frustrating that I can type faster than my phone now. #ios11Problems #Apple #lostCustomer @115858 #lostMacBookPurchaseToo,billing_app_store
1061479,"@115858 @AppleSupport jobno-MVDEL09091719420 camera was working now saying camera damaged,pay 22k, phone is in warranty #worstservicecentre https://t.co/4tvlTArj26",camera_photos_media
1122194,@AppleSupport I have 5s phone which is hang since today morning. Please help. https://t.co/WjDQBg9CPW,other
1776804,"Dude @AppleSupport get your shit together, I updated my phone thinking it would fix the problems I was having instead all it did was cause all my apps to freeze up the second I start them up",system_performance_freeze
2553975,Thank you @115858 for turning my laptop and phone into cripples with latest OS updates...,system_performance_freeze
1735006,@115858 you tell need to fix the I️ problem it messes my Snapchat convos up.,keyboard_autocorrect_bug
1766667,@115858 iOS 11.1 drains battery on my iPhone 7 - FIX IT,battery_drain_power
686891,"@AppleSupport Everything on my screen freezes for about half a second when I get a temporary banner notification, including the keyboard (when I’m typing). I currently have iOS 11.1.2, so I believe that’s up to date.",keyboard_autocorrect_bug
1409734,@AppleSupport I can’t even update my phone. Fix ya shit.,system_performance_freeze
2787815,@AppleSupport No all my app updates are done ...I do have a case on my phone though,system_performance_freeze
613050,@AppleSupport Is this really from Apple? It’s asking to verify my account with all my info and credit card info as well. Help. https://t.co/BXh5MdCWXp,billing_app_store
340198,"@AppleSupport @197246 It’s a few days I have the same problem, how Can I solve??",system_performance_freeze
1633026,"Until @AppleSupport fixes this crappy I️ issue, it will be spelled eye",keyboard_autocorrect_bug
2361735,@681959 damnit #iPhone fix your glitch @AppleSupport I️ can’t type right😳 https://t.co/zTJIlovH99,keyboard_autocorrect_bug
1978116,@AppleSupport ios11 is buggy as shit. My keyboard is always disappearing in messages and the flip gets hella stuck,keyboard_autocorrect_bug
2302325,"@applesupport morning with my kids at rugby in the UK, temp about 6c with a wind chill, screen freezing and not 100% responsive iphoneX",system_performance_freeze
2038171,@AppleSupport how do i report a High Sierra bug? full-screen preview grid doesn't allow me to scroll.,system_performance_freeze
1500000,"Had to turn my #autocorrect off because my phone keeps changing ""I"" to A [?]. IDK how I ever lived without #autocorrect now 😭! @115858 #HELP",keyboard_autocorrect_bug
753922,@AppleSupport not only does my phone restart netime I use the front camera but now my phone buzzes on calls. It’s updated. #iphone8plus,camera_photos_media
553622,@AppleSupport Hi. It’s TED Radio Hour by NPR,keyboard_autocorrect_bug
927631,@AppleSupport That’s right keep loading and at one point it restart the watch,system_performance_freeze
2146651,@AppleSupport I have iPhone X with iOS 11.1 I restored my backup from iPhone 7 Plus It works for a few hours to a day then crashes &amp;get the phone on the apple logo and it gets hot till it completely discharges. I visited the service center &amp; many people with ios 11 the same issue,battery_drain_power
883573,"@AppleSupport I have an iPhone SE &amp; it won’t stop vibrating. I’ve tried restarting, turning it off etc, but it is still constantly vibrating",system_performance_freeze
1161751,"@AppleSupport * wasn’t really asking for support, sry. It appears to be an unresolved system or iCloud bug https://t.co/SImnJgoTIc",account_icloud_login
361433,This is most definitely not the time for my MacBook to die on me... @AppleSupport please help me! https://t.co/1M5fPdLkrS,other
2772630,@115858 @115948 @3183 I NEED APPLE MUSIC TO STOP CHANGING/CONVERTING ALL OF MY SONGS TO THE “CLEAN” VERSION this has been an ongoing problem that needs to be resolved,audio_music_playback
1275110,Anyone else upgraded to the latest @115858 software update? Draining iPhone6 battery like nothing I’ve ever known! Anyone else or just me?,battery_drain_power
1683376,@115858 please create an update to be better than this previous update. I️ hate that ‘I’ autocorrects ‘A bar bar bar bar’ what is that!!!,keyboard_autocorrect_bug
1215586,Has anyone else had several dropped calls after the #iOS11.0.3 @115858 update? Also a dead battery and constant freezing? #appleupdate 😡,battery_drain_power
2977710,@AppleSupport How are you going to make me pay for a whole new phone when I get the white screen of death and I did nothing at all? Ridiculous,system_performance_freeze
2154593,@115858 soooo what’s going on with the lowercase I’s man?? Fix that shit,battery_drain_power
1002272,"@AppleSupport if I restore a previous itunes backup onto a new device, will all my apps be automatically logged in?",audio_music_playback
1772158,@115858 @AppleSupport two weeks ago i left my macbook pro in @70646 (Chile) due to 4 keys pasted (coffee) and today when i went to look for him i found it in a horrible condition!😡 the screen sound when you open it! and the base was left open! Im really disapointed @6555 https://t.co/7M1Pz7LoIt,other
583689,"@115858 why you switch ON WiFi, Bluetooth yourself when I switch them OFF in Control Center ?",connectivity_network
1973635,@584497 @AppleSupport I lhave the same issues too,system_performance_freeze
1505540,@469413 @AppleSupport Battery life is horrible!!! My iPhone battery decreases 1% every 30 seconds !!!!!!!!!!! What the hell.  @AppleSupport,battery_drain_power
612988,@AppleSupport Will you guys stop worrying about the new iPhones and fix the rotating screen?,battery_drain_power
2286963,@115858 why your update mess my phone up? Always replacing my I’s with this. https://t.co/iP51he7zwl,system_performance_freeze
199403,"@115858 Sufre mucho la batería, el dispositivo se calienta en exceso y además tiene muchos “bugs” que hacen que la experiencia de usuario sea mala.",system_performance_freeze
2269977,So my iPhone updates itself to #ios11 with iMessage and FaceTime now not working. @AppleSupport why have they been ‘activating’ for 48 hours?!?!,system_performance_freeze
2027486,"@AppleSupport iPhone 8 still full of bugs, worst phone I’ve ever had",system_performance_freeze
1924564,My phone is going to shit and it’s pretty depressing. Thanks @115858.,keyboard_autocorrect_bug
1014386,@AppleSupport Jut DM’d you.,system_performance_freeze
1774058,Why is #appleglitch iOS 11.2 insisting on people turning on Bluetooth? I get this prompt every time I open the AppStore... @123857 https://t.co/LkpkVqND0H,connectivity_network
126404,#iPhoneX iOS11.1.2 Facetime call ended and phone locked up. Hard reset wasn’t working. Phone sat unresponsive for minutes until it finally just worked again. @115858,system_performance_freeze
1226586,@AppleSupport Ok I Can do it in english. Look at the video. There is a freeze when you put your finger on page dots and you keep it on the screen.,system_performance_freeze
1596014,"@115858 you have me 1000% fucked up right now, fix my shit",battery_drain_power
2892084,"@115858 please tell me why somehow after using my phone with battery saver on, bluetooth off, brightness all the way down, and all my apps closed, my phone still has gone from 100% to 82% in 10 minutes",battery_drain_power
2614266,"@AppleSupport Seriously, it’s annoying  -&gt; I️",keyboard_autocorrect_bug
2662,So why is this happening I️ I️ I️ @AppleSupport,keyboard_autocorrect_bug
937440,@AppleSupport 2/2 that apps in need of update or are causing phone to run slowly may not work after IOS update. This is constructive feedback for you,system_performance_freeze
1224203,Why can’t I add music to my library? @115948 @AppleSupport 😩,audio_music_playback
1913243,@AppleSupport I have never had so many problems like I have with the iPhone 8 IT FREEZES SO MUCH WHYYY???!!!!,system_performance_freeze
1983412,really can’t fuck with @115858 anymore my phone hasn’t even been out for two years and it’s already a useless piece of shit 🙄🤦🏽‍♀️,system_performance_freeze
2455338,@703366 @115858 it literally won’t let me download it,other
1748755,@AppleSupport  This is a big spoof I complain about Apple https://t.co/76QcpTAyTh,other
121543,"@AppleSupport Looking at the list of apps, I saw many which are useful (ie they tell me when a bus or subway will arrive), but have no apparent reason to be backed up.  What do I lose by turning them off from being backed up?",system_performance_freeze
1414559,"@AppleSupport My phone is running slow, it keeps shutting me out of my apps and I️ keep seeing boxes when I️ type certain words",keyboard_autocorrect_bug
1875622,"@AppleSupport IOS 11.0.3 is awful, so buggy! When are you guys fixing it?? #annoyed",system_performance_freeze
875156,#iphone sooo much slower with #ios1103 anyone else? @AppleSupport,system_performance_freeze
853177,"@AppleSupport 
I received this suspicious e-mail. Is this an phishing email? https://t.co/rsAdOn7LwS",other
2309390,@115858 damn it when will you fix the keyboard typo issue I️ I️ I️ I️ I️ I️ I️ I️ I️,keyboard_autocorrect_bug
1268345,Since the update. Every app I go on freezes then my phone doesn’t work for a good 15 seconds @AppleSupport,system_performance_freeze
412354,@AppleSupport 11.0.2. Haven’t seen them since 11.0.,system_performance_freeze
1444435,"Rest NVRAM... MacBook boots into recovery mode.
@115858 this is getting old. No issues until #HighSierra upgrade. Can’t go back to Sierra.",system_performance_freeze
665791,"@AppleSupport Ever since the 11.1.1 update I keep receiving this message every time I get a notification or message of any sort on my iPhone. Very irritating, will there be another update to stop it or can I turn it off? https://t.co/xPiQwJulWP",system_performance_freeze
2114784,"@AppleSupport Hi, I'm not able to update my apps. Why payment option is been de coined? Please help.",billing_app_store
2237155,"Pro tip: Don't upgrade to High sierra yet, ESPECIALLY if you use @652367 my whole system is running hot all the time and ableton is crashing out. Chrome is slow as shit too. HS has serious things to get ironed out.  #macOSHighSierra @AppleSupport",system_performance_freeze
2341670,@AppleSupport is anyone experiencing; ios 11.1.1 randomly increases volume to maximum? I saw it happen after a reboot yesterday,system_performance_freeze
1656610,@AppleSupport Already did that two days ago... still doing it :(,system_performance_freeze
1238230,Hello @AppleSupport and @115858 ! There’s something wrong with #Greece ! #PlsFixGreece https://t.co/LRfIzLGEtR,other
716499,@AppleSupport iPhone 6S running iOS 11.1,system_performance_freeze
2376074,My phone is super slow and I just bought it. I’m mad at you @115858,system_performance_freeze
403087,@AppleSupport Your driving directions to Pet Hospital near @122122 needs help! Not even close to destination pin #AppleMaps https://t.co/49byPLb1cA,other
2070556,"Constantly freezing iOS 11.0.2, switching off without any reason.    For a phone so costly I want fucking good service @115858",system_performance_freeze
2364459,"@AppleSupport hi, my iCloud has been locked I’ve followed the steps and it isn’t working. Help please",account_icloud_login
1674722,This iPhone update every time you type “I” needs to stop. @115858 @AppleSupport “I” turns into “I️”. But why?,keyboard_autocorrect_bug
1846040,@AppleSupport Can you help us to unlock our iPhone 5 activation by sending our iPhone 5 imei number,system_performance_freeze
2319858,I think I’m pretty @115858 -savvy but this whole photos thing has me stumped. Anyone have any advice to get my pics to download from an iCloud backup? I got everything back EXCEPT my pictures. #Apple #Help #iPhone7,account_icloud_login
413124,@AppleSupport HELP! Phone CONSTANTLY freezes and apps (even native ones) frequently crash &amp; don't load. Running 11.0.2 on iPhone 7.,system_performance_freeze
2095981,"@AppleSupport the latest update stinks, it kills battery life. I don’t use it at work yet it drains 20-30% of my battery during that period.",battery_drain_power
653002,@115858 FIX THE DAMN GLITCH!! myself shouldn’t have to restructure my sentences…myself doesn’t even use the i key anymore 🤦🏾‍♂️,system_performance_freeze
687908,@AppleSupport cancelled my subscription for apple music and i have albums on my phone that i didn't have off apple music and now it's claiming that i need apple music to listen to them????,audio_music_playback
2082187,"Hey @115858 now that your new update turned my iPhone 6 into a slow piece of garbage, I’d like a new one 😉",system_performance_freeze
2061371,anyone who wants my attention has to ft me bc my phone hates the update and only tells me if i have snapchats @115858 ill kill u,system_performance_freeze
1407963,I’m still mind blown at how awful iPhones battery life has been after this update 🤦🏻‍♂️ @AppleSupport please fix this.,battery_drain_power
1087426,"@AppleSupport phone has been freezing, unresponsive, or shutting itself off. Upon a restart it wanted to run diagnostics but didn’t complete",system_performance_freeze
2278633,@AppleSupport 11.03 update stuck on update requested on IPhone 8 plus any ideas how to sort this out.,system_performance_freeze
823192,macOS High Sierra - what a mess. Only gets worse by the day. @115858 @AppleSupport https://t.co/FlrP3pB2F8,other
2448357,Why hasn’t the “I️” issue been fixed?! 😫😖 @115858 #autocorrect #killingme #its2017,keyboard_autocorrect_bug
1765961,@115858 why does the new update not recognize the letter i when it’s uppercase? It’s really annoying.,keyboard_autocorrect_bug
2062779,@115858 since updating why does my battery go down quick?and will my photos be deleted off iCloud if I turn it off?,battery_drain_power
335288,@AppleSupport @115858 iphone 7 repeatedly freezing and randomly switching off since update?? Anyone else with the same problem??,system_performance_freeze
1679991,@AppleSupport when is the bug going to be fixed?!? #appleupdatesucks,system_performance_freeze
2619965,@AppleSupport I had a live chat with an apple rep on Sunday who was supposed to send me an email regarding the problems I’m having with my 5s. Still waiting. Still problems.,system_performance_freeze
585897,"@AppleSupport dears am really frustrated due to the service provided by your team in UAE, 2nd time am facing issue with my device and they refusing to replace the device and it's still under warranty. this is really unacceptable.I need an immediate action",system_performance_freeze
1834749,@AppleSupport battery on my iPhone 7 has been draining super fast since latest 11.0.3 update. What happened?! And how do I fix!,battery_drain_power
826127,@AppleSupport this is confusing. My personal best is 0 and have burned 2000+ but still no achievement? https://t.co/gAF0RFrYjx,other
1792320,"@115858 @AppleSupport And my shortcuts “text replacement” decided to disappear, hello are you there? #ios #ios11 #iPhoneX #ipadpro https://t.co/ZIpDZDjJNz",system_performance_freeze
320918,"@AppleSupport iPhone 6
I can use the navigation in my MBP",keyboard_autocorrect_bug
2484259,"whenever my phone dies and i charge it, it turns on and shuts off at least 4 different times, whiles its charging... like get ur shit together @115858 @AppleSupport",battery_drain_power
883986,@329920 @115858 Im also having the same issue .. im on ios11.0.2,system_performance_freeze
2614217,Lol and @115858 said there wasn’t anything wrong and they wouldn’t do anything https://t.co/hHaIJqS7hh,other
390075,Thanks @115858 lost all my music because of iOS 11 update 🙃🙃🙃,system_performance_freeze
1406268,@AppleSupport I️t says it’s 11.0.3,keyboard_autocorrect_bug
399932,@AppleSupport same as everyone here: https://t.co/nCgJOvue0E,other
1218374,"@AppleSupport I actually just got off the phone with somebody at Apple, and they're taking care of it do you still want me to?",system_performance_freeze
2113953,"Ok @115858 when is the update? Cuz I’m really over this. Yes, I️ did the keyboard settings already and it works only for text and not apps🙄",keyboard_autocorrect_bug
2805964,Nearly fell for this Phishing email. Glad I checked the Sent From email id @118936 @AppleSupport @115858 https://t.co/B1R6B0f4mN,other
1763060,iOS'u update ederken telefon bidaha açılmayacak gibi hissediyorum bazen sizde de oluyo mu ?  @AppleSupport,system_performance_freeze
2572063,@AppleSupport why my iphone 6s plus keybord desepear should i factory reset it?,keyboard_autocorrect_bug
1984357,WTF @115858 year old 7 doesn’t work for crap since the update AND the ridiculous 8 came out 😡😡😡😡😡😡😡😡😡😡😡😡😡,system_performance_freeze
2812595,@AppleSupport Not new but recent.my information can delete? Or my pictures? Or my messages?,keyboard_autocorrect_bug
388896,"@115858 ‘s new IOS update is lovely. Charging 3x a day, buttons not working, and I believe I can fried an egg on it since it’s hot as hell.",battery_drain_power
1989568,"@AppleSupport Iphone 8 plus has now frozen on the Apple Loading screen after connecting it to my computer for an update. ""problem occurred""😡",system_performance_freeze
2308014,@115858 please fix this “a ? Box” shit cuz it’s ugly to look at,battery_drain_power
2296251,@115858 update is the biggest shit-sandwich I’ve ever had to eat. Can’t even send a pic or vid to anyone.,system_performance_freeze
1398939,"@AppleSupport Hi, I need to speak to someone about unresolved tech issues between @115858 &amp; @ATT for #iPhoneX pre-order reservations.",keyboard_autocorrect_bug
1674769,"Um @AppleSupport everytime I️ type the letter i, I️ get this symbol&gt;&gt;&gt;&gt;&gt; I️ ....wth?!",keyboard_autocorrect_bug
994267,@AppleSupport Nope no profiles and yea it happens on both.,system_performance_freeze
2004748,I️ did all the updates and it’s still a mess smh I️ am so upset with @115858 😒 https://t.co/7CVRxScBCd,keyboard_autocorrect_bug
592221,@AppleSupport my phone keeps restarting itself and it doesn't turn all the way off it just gets rid of whatever I was doing and it only happened every like hour or so but now it's happening every like 3-4 minutes and I can barely even use my phone??,system_performance_freeze
456146,"Today I got a fake email from @115858 for a subscription I don’t have. After checking carefully, the sender (__email__ ) wasn’t valid. Be careful and protect your identity. Valid: (__email__) https://t.co/nBQsWfd2H3",billing_app_store
2241236,@AppleSupport @115858 gotta love this new iPhone X camera... #iphonexcamera https://t.co/xgnCgmmFdO,camera_photos_media
1804612,@AppleSupport your IOS 11 messed up my screen to the point my phone is useless. Not the only person this happened to. Thoughts?,system_performance_freeze
2045071,It’s insane that @115858 devices mess up with a new release. I paid $60 to get my camera fixed less than a month ago and now I’m having the same problems. Seriously!,camera_photos_media
2731455,@AppleSupport 🙏🏼 thank you,system_performance_freeze
1880940,@AppleSupport My SE shows the artist name on the seek bar when playing a song containing tag data in the Devanagari script on iOS 11.0.3 https://t.co/sELRZlo8Cm,system_performance_freeze
2731446,@115858 @AppleSupport the metal in the iWatch series 3 sport band is causing me a tremendous allergy reaction similar to a rash...it is impossible to use it two days in a row! Is there any solution to that? https://t.co/43KldRmi4k,other
1649009,@AppleSupport ... with the normal background (iphone 8 plus) ??? https://t.co/P6xmy1DCSC,other
430725,"@116333 @115858 @AppleSupport I believe this may have been done deliberately in order to pass content filters, and therefore may contradict Apple terms of service.",system_performance_freeze
620097,@AppleSupport Can I use a gift card I bought at the store to purchase apple music?,audio_music_playback
1185073,My voicemail doesn’t work @AppleSupport please take your update back. I don’t want it.,system_performance_freeze
1599187,@134131 @AppleSupport @424563 you're not alone.,system_performance_freeze
2440845,@115858 please fix your window manager. It frequently places windows in places where I can't get to them. https://t.co/g9CpO20yb0,other
1649526,@AppleSupport there’s a serious glitch on iOS 11.1! when typing the letter “I️” when is this going to be resolved,keyboard_autocorrect_bug
1363226,"@AppleSupport Got iPhone X reservation # last night. Email says I have 24 hours. Site says ""Rez not found."" 1800# busy. Chat rejected. Help?",system_performance_freeze
2062124,"Hey @AppleSupport, ios 11.0.2 drains my entire phone battery in minutes. Fix it please :)",battery_drain_power
2146533,Come on @115858 this “I️” shit is like iPhone Gen 1 shit. Fix it PLEASE!!! Got me in these streets looking dumb af,keyboard_autocorrect_bug
857560,@AppleSupport @18563 I hv some problem can you help me,keyboard_autocorrect_bug
2076270,@AppleSupport @115858 ever since I updated OS I’ve had issues. Look at this! How am I getting emails from 1969? 🤦🏼‍♂️ https://t.co/tntrYzuOlf,system_performance_freeze
2955424,@AppleSupport Yes no problem with them.,system_performance_freeze
2787810,@AppleSupport Yes it’s updated to that one yesterday .,system_performance_freeze
2028645,@AppleSupport this update has literally destroyed my 6s battery lasts about 3 hours max an takes forever to charge!,battery_drain_power
208926,Ummm... @AppleSupport why is my phone downloading auto updates for apps when WiFi is off???? iPhone 6s Plus. https://t.co/QIfDupFPrq,connectivity_network
1224407,@AppleSupport @AppleSupport wth is up with the letter I️ issue?,keyboard_autocorrect_bug
337455,@115858 my phone freezes like 10 times per day......... and I’m a good person so I avoid force rebooting it unless it really doesn’t unstick,system_performance_freeze
1441998,Hi @115858 so what are you guys doing about this I️ issue that’s been doing on with the phones 👀,keyboard_autocorrect_bug
1901170,"@AppleSupport #iOS11 is riddled w/issues, speakerphone rarely works, camera frozen 30% of the time, y did u issue v11.03 w/ so many bugs!?!",camera_photos_media
2279225,"Bro do another update, I can barely switch between apps @AppleSupport",system_performance_freeze
2281159,@115858 FIX THIS I️ SHIT,keyboard_autocorrect_bug
6816,@AppleSupport Got any battery cases for iPhone 6s Plus ? My Chinese copy is dodgy,battery_drain_power
8579,"@AppleSupport I bought 2 iPhones X on Friday, but I don’t see any charge on my credit card. Do I should worry or it’s normal?",battery_drain_power
245259,@AppleSupport I can no longer view in landscape. I can’t figure out how to fix that.,keyboard_autocorrect_bug
390484,"My #iPhone6s battery drains more than twice as fast thanks to #iOS11. Looks like I’m swapping to @122609, after 10years loyalty to @115858.",battery_drain_power
1332739,You make people sell their kidneys for this shit? @AppleSupport @4305. The message bar is fixed on the centre of my screen. #iPhone7Plus https://t.co/QxKktPm4dL,other
1621190,@AppleSupport My driveway shows as a road in Maps. I’ve reported the issue repeatedly in Maps and it hasn’t been fixed. How do I escalate?,system_performance_freeze
2293115,"@AppleSupport I have done everything to try and fix this, why does this keep happening? https://t.co/dYnaOdPesZ",audio_music_playback
854537,"@AppleSupport got an iphone 5s, running ios11 but had the problem on ios10 too. the podcast app will rewind to a certain point everytime i press pause",system_performance_freeze
404150,"@AppleSupport Yes a few times, also takes a long time to connect to home WiFi when returning from work, just not as good as iOS 10",connectivity_network
171738,iPhone X Face ID/camera doesn’t work for me after having it for 2 days. Why you gotta do this to me @AppleSupport?,camera_photos_media
2947069,@115858 why can't I permanently disable this 'live photo' nonsense?  utterly irritating and pointless feature.  Almost as annoying as wifi turning itself back on after i've switched it off.,camera_photos_media
2014877,@AppleSupport Been like this for a couple of hours now. Should I do anything? MacBook pro purchased 2012 updating OS https://t.co/gnYAdvRw89,billing_app_store
345693,Latest @115858 software update drains my iPhone 6 battery. Frustrating! #plannedobsolescence?,battery_drain_power
2131178,"Okay, but when and how do we get to fix this I️ thing, @115858?",keyboard_autocorrect_bug
1101965,@AppleSupport My iPhone 8 with iOS 11.0.3 does not (often) go into hibernation mode. Display remains on. Can this be a SW or HW problem?,system_performance_freeze
1596679,@115858 Mon 5s bug encore à cause de votre mise à jour degueulasse. Niquez vous avec votre défaillance programmée. Vraiment. Voleurs.,system_performance_freeze
2947046,@AppleSupport numbers won't work on keyboard... now can't log into my iMac ☹️,keyboard_autocorrect_bug
1360120,@applesupport 11.0.2 battery / My 6SE battery is draining drainingggg please / Ihelppppppppppppppppppppppppp,battery_drain_power
1693391,I'm trying to report a problem with an app subscription but it won't send my request through @AppleSupport @115858,billing_app_store
1311522,"@AppleSupport 
Hi, I can’t access my photo gallery from any App. I’ve iOS 11.0.2 😤",system_performance_freeze
796538,@AppleSupport iPhone 6s. I also want to mention my phone has turned off 5 times since 8am this morning,keyboard_autocorrect_bug
484527,"Hey @115858 @AppleSupport, what gives? And let’s not start on the crashing with 80% battery 🙄 #buyandroid #Apple #AppleFail https://t.co/g6AneAnOvM",battery_drain_power
2688592,There is a wired problem happening with iphones where it starts up and just keep starting I saw this problem happening to @103473 and then it Happened To 2 iphones with me so @115858 PLZ SOLVE THIS PROBLEM! https://t.co/vceLLq1thE,audio_music_playback
1349526,@AppleSupport CarPlay no longer works after the last update,system_performance_freeze
990753,@AppleSupport There’s nothing to look into. iOS 11 is a battery sucking monster. Definitely didn’t have these problems before the update.,battery_drain_power
1955459,@AppleSupport iPhone 6 and yes I restarted - not the first time this happens...,system_performance_freeze
1873018,@559271 @AppleSupport iphone 7 plus and its the beta,keyboard_autocorrect_bug
2652519,"@AppleSupport been trying to sign into my Apple TV apps for two hours. Keeps telling me my Directv password is wrong. It’s not. What gives? And I’ve been on the phone with Directv already, no help there.",account_icloud_login
35335,@AppleSupport Series 3 LTE,system_performance_freeze
1860571,"@AppleSupport Yes, weve tried on and off multiple times. Has only really occured since the update that was done to the device prior to the issue occuring",system_performance_freeze
1912503,@115858 @AppleSupport  Like to hear answer! How #iPhone can go 20% to 18% &amp; back up to 26% w/out charge? #issues #ios1103 #apple #tiredofit,battery_drain_power
9213,@AppleSupport I just updated to the ios 11.1 and there isn’t any improvements in battery life!,battery_drain_power
738515,the concert was so good my phone broke lmfao @115858 please send new one I am currently using my mac ashdjafgha,keyboard_autocorrect_bug
2028576,What is wrong with the podcast app  @AppleSupport with latest update on the iPhone 6?,system_performance_freeze
1235997,@AppleSupport And yes I have restarted loads of times,system_performance_freeze
2505119,The new autocorrect fuck up by @115858 is LI.t.,keyboard_autocorrect_bug
344633,my phone literally doesn't work when i'm out &amp; i get 0 internet connection &amp; only receive my mssgs when i'm home. ????? @115858 fix this! 😭,battery_drain_power
2971252,"@AppleSupport Not all, just some - hard to replicate, very random. Have not restarted since. Seems to just be a cosmetic quirk.",system_performance_freeze
235821,@AppleSupport w/ the update my cell battery drains a lot faster &amp; it’s slower. Is this update supposed to push us to buy the new iPhones?,battery_drain_power
2304870,My Apple Music has been messing up since the new update! Cannot think of a worse possible outcome. Not the music @115858,audio_music_playback
2297319,@AppleSupport how about adding location services shortcut here? https://t.co/UQWVuQcir2,other
495120,@AppleSupport That didn’t help. The device I’m not discovering is a Taylor Bluetooth scale. Are you aware of compatibility issues?,connectivity_network
967831,@115858 @118721 please help me resolve this. The song was on my phone earlier and now it’s gone. https://t.co/qqR2XVZJ9n,other
1066800,@AppleSupport I can not find that information. Can I give you the serial number and tell me the date of purchase?,billing_app_store
2025921,"Clearly a phishing email acting like @AppleSupport — do not log in or click the link , delete the email immediately https://t.co/g0cujadM3R",other
2804424,So is Apple ever gonna fix the texting glitch? Bc I️ and I.T is getting annoying as fuck @115858,keyboard_autocorrect_bug
1674043,@AppleSupport What the hell is this weird ass bug? I️ can’t type the letter I️!!!!,keyboard_autocorrect_bug
827450,"@115858 Reboot to let it finish encrypting, but it reboots again and attempts to install update and I get this. https://t.co/kTCxXjK3ep",system_performance_freeze
1896718,"@115858 start putting double A’s in your phones, my shit doesn’t last a day.",system_performance_freeze
154420,@AppleSupport ever since the iOS 11.1.2 update my iPad Pro battery drains 2x as fast and frequently stops charging while in use. Even when I put it in airplane mode to charge it takes 2x as long. Please fix this. This is my lifeline at school!,battery_drain_power
2584407,"@115858 this is fucking bullshit, this is what your update has done to my computer https://t.co/U2SGMPDSBl",system_performance_freeze
2286942,"mucho thx to @115858 for the update that’s supposed to correct the last update but can i get my clock to tell the right time? thanking you in advance,
Vince",system_performance_freeze
2849142,@AppleSupport Are you available after 8 pm? Or should I connect with you earlier,system_performance_freeze
397539,@AppleSupport Yeah i can do that.But i am repeatedly getting this issue.Pissed off with Apple. It's annoying getting the devices for huge amount and fail,system_performance_freeze
1550823,@115858 THIS UPDATE SUCKS!! IF IT CHANGES MY I TO ANOTHER QUESTION MARK EMOJI IM GONNA LOSE IT!!!!!,keyboard_autocorrect_bug
2726894,I’m getting sick of this weird iPhone glitch &amp; sounding like a Neanderthal saying “me” bc I️ can’t type “I️”.....Get your shit together @115858 !!!!!!,keyboard_autocorrect_bug
1970657,does @115858 @AppleSupport have a solution for I️ yet,keyboard_autocorrect_bug
2972440,"@AppleSupport In control center, then it turns on again without notice",system_performance_freeze
627934,"@AppleSupport how does the iCloud Photo optimization work? I have 200 mb of free space on my device, 3.5 gb is Photo library and... nothing happens. It suggest me to delete apps, clear messages and nothing more.",account_icloud_login
2057265,"Love having to hard reboot my iPhone because of a frickin' bug with Control Center that renders the whole UI unresponsive. Good QA, @115858.",system_performance_freeze
